{
  "train_loss": [
    4.096789927392636,
    2.3043148924719614,
    0.6420148514914062,
    0.3953394895173469,
    0.31505214552553196,
    0.2638816971289662,
    0.22310758462070293,
    0.20243020964680977,
    0.18888157952084855,
    0.17787987755857548,
    0.17211373618048317,
    0.1665995132424078,
    0.16459340410412482,
    0.15882015479412281,
    0.1491300323570393,
    0.14369301437066412,
    0.1399676219584807,
    0.13559136970495841,
    0.13188917169066253,
    0.12901115055846155,
    0.12578797746836295,
    0.12207192661029831,
    0.11851465450740367,
    0.11485316502721102,
    0.11115119765539004,
    0.10769363855468636,
    0.1034395390263987,
    0.09847101217241219,
    0.09548586257338032,
    0.09090122265178921,
    0.085844032132695,
    0.08140507487896478,
    0.07524757447318649,
    0.06898459904282442,
    0.06313437811858987,
    0.05632327596490043,
    0.0504231744533721,
    0.044123034451886096,
    0.03827028472191777,
    0.031638221290261254,
    0.02632371740615575
  ],
  "val_loss": [
    3.5471188360790036,
    1.168603711420635,
    0.4708869488734119,
    0.3695599595893104,
    0.335006830180591,
    0.2690817709941909,
    0.25037155026253666,
    0.24321797854214344,
    0.24033696889033856,
    0.21774394280927362,
    0.21827013445490936,
    0.2224010370109441,
    0.21723136747220778,
    0.19836746924820373,
    0.1999380096863463,
    0.19547316419347277,
    0.1940671388692451,
    0.19786700358930623,
    0.19822378016586573,
    0.19783352442999494,
    0.19122038865637667,
    0.19856540839064796,
    0.1976646083424676,
    0.19624474208169387,
    0.20974504943445044,
    0.19455586325306937,
    0.20332998796454016,
    0.2089139138401117,
    0.21371249952265675,
    0.21670131065513729,
    0.21339191264420185,
    0.22004068633717186,
    0.23048478088007782,
    0.23341939530142072,
    0.23711088444545583,
    0.24266908670652587,
    0.2513161523671786,
    0.25458496264972774,
    0.26120253537763966,
    0.27196220495685375,
    0.27801724799539684
  ],
  "train_accuracy": [
    0.0,
    0.020833333333333332,
    0.4166666666666667,
    0.5208333333333334,
    0.6666666666666666,
    0.7916666666666666,
    0.7708333333333334,
    0.8125,
    0.7916666666666666,
    0.6875,
    0.7916666666666666,
    0.8125,
    0.7291666666666666,
    0.8125,
    0.8333333333333334,
    0.875,
    0.8333333333333334,
    0.6666666666666666,
    0.8958333333333334,
    0.8333333333333334,
    0.7708333333333334,
    0.8125,
    0.9375,
    0.8333333333333334,
    0.8333333333333334,
    0.8958333333333334,
    0.875,
    0.8333333333333334,
    0.8541666666666666,
    0.8958333333333334,
    0.9166666666666666,
    0.875,
    0.7708333333333334,
    0.9166666666666666,
    0.8958333333333334,
    0.8958333333333334,
    0.9375,
    0.9791666666666666,
    0.9375,
    0.9375,
    1.0
  ],
  "val_accuracy": [
    0.0,
    0.14340468187982783,
    0.5592900524795094,
    0.6179609646795212,
    0.6416062267822396,
    0.6906657232148122,
    0.6993336871277788,
    0.7176130668081845,
    0.723627572380447,
    0.7328262279615544,
    0.7292882835072823,
    0.7234506751577333,
    0.7284627631346188,
    0.7478035261513061,
    0.7430862668789433,
    0.7489828409693968,
    0.7521080252373371,
    0.7503390530102011,
    0.7504569844920101,
    0.751872162273719,
    0.7583583937732178,
    0.7611887493366354,
    0.7570021817324135,
    0.7577687363641724,
    0.753523203019046,
    0.7628397900819623,
    0.7650804882363347,
    0.7622501326729171,
    0.7603632289639719,
    0.7614835780411581,
    0.7643139336045758,
    0.7650215224954302,
    0.7628397900819623,
    0.7631935845273896,
    0.7666135974998526,
    0.767203254908898,
    0.7685005012087976,
    0.7677929123179432,
    0.7695618845450793,
    0.7692080900996521,
    0.771625685476738
  ],
  "learning_rates": [
    0.00014426638055190194,
    0.0002925231021670948,
    0.0004950400133663323,
    0.0006975462016985841,
    0.0008457736282495143,
    0.0008999999998916651,
    0.0008992388585914392,
    0.0008969591578545036,
    0.0008931686114665296,
    0.0008878800454366251,
    0.0008811113545981792,
    0.0008728854420584105,
    0.0008632301417015024,
    0.0008521781240075497,
    0.0008397667855059945,
    0.0008260381222376099,
    0.00081103858765319,
    0.0007948189354297779,
    0.0007774340477362878,
    0.0007589427495296179,
    0.000739407609509617,
    0.0007188947284064105,
    0.0006974735153164517,
    0.0006752164528441122,
    0.0006521988518434912,
    0.0006284985965903251,
    0.0006041958812462518,
    0.0005793729385071525,
    0.0005541137613537388,
    0.000528503818845894,
    0.0005026297669224287,
    0.0004765791551848135,
    0.00045044013065704197,
    0.0004243011395240029,
    0.00039825062785758797,
    0.00037237674234318145,
    0.0003467670320191785,
    0.00032150815203875287,
    0.00029668557045624863,
    0.00027238327903033796,
    0.00024868350902249693
  ],
  "epoch_times": [
    242.60578083992004,
    242.07319378852844,
    241.91935896873474,
    242.91262984275818,
    242.33253812789917,
    241.97554183006287,
    241.89019012451172,
    242.12333011627197,
    241.94515824317932,
    248.11444926261902,
    244.5260148048401,
    242.02470660209656,
    251.68272066116333,
    249.71570777893066,
    261.7892782688141,
    269.7313964366913,
    268.7792737483978,
    268.9656262397766,
    269.7939975261688,
    267.30056834220886,
    263.7013702392578,
    264.9577603340149,
    261.5715436935425,
    261.56008768081665,
    244.02391576766968,
    242.40047097206116,
    243.3408625125885,
    254.43104219436646,
    249.71318554878235,
    249.6583766937256,
    245.30897212028503,
    243.5700306892395,
    241.88786625862122,
    241.6408121585846,
    241.37695503234863,
    240.82102823257446,
    240.50282287597656,
    240.45685601234436,
    241.361403465271,
    241.66679883003235,
    241.91615462303162
  ]
}